seed,method,call,best_feasible_qor,cum_failed_eda_runtime_s,cum_total_eda_runtime_s,cum_optimizer_overhead_s
11,vanilla_bo_penalty,1,0.311299618,0.000,788.383,0.0000
11,vanilla_bo_penalty,2,0.311299618,578.012,1366.394,0.0000
11,vanilla_bo_penalty,3,0.311299618,1280.171,2068.554,0.0000
11,vanilla_bo_penalty,4,0.311299618,2037.031,2825.413,0.0000
11,vanilla_bo_penalty,5,0.311299618,2572.084,3360.467,0.0000
11,vanilla_bo_penalty,6,0.311299618,3331.740,4120.122,0.0000
11,vanilla_bo_penalty,7,0.311299618,3849.423,4637.805,0.0000
11,vanilla_bo_penalty,8,0.311299618,4382.072,5170.454,0.0000
11,vanilla_bo_penalty,9,0.311299618,4382.072,5953.491,0.0087
11,vanilla_bo_penalty,10,0.311299618,5028.883,6600.302,0.0171
11,vanilla_bo_penalty,11,0.311299618,5610.846,7182.265,0.0244
11,vanilla_bo_penalty,12,0.311299618,5610.846,7970.895,0.0327
11,vanilla_bo_penalty,13,0.311299618,6190.543,8550.591,0.0387
11,vanilla_bo_penalty,14,0.311299618,6888.215,9248.264,0.0454
11,vanilla_bo_penalty,15,-0.093068237,6888.215,9852.439,0.0529
11,vanilla_bo_penalty,16,-0.093068237,6888.215,10464.313,0.0597
11,vanilla_bo_penalty,17,-0.093068237,8225.514,11801.613,0.0661
11,vanilla_bo_penalty,18,-0.093068237,8225.514,12409.414,0.0744
11,vanilla_bo_penalty,19,-0.093068237,8726.500,12910.399,0.0815
11,vanilla_bo_penalty,20,-0.093068237,9376.405,13560.304,0.0898
11,vanilla_bo_penalty,21,-0.093068237,10714.546,14898.445,0.0964
11,vanilla_bo_penalty,22,-0.093068237,12059.742,16243.641,0.1055
11,vanilla_bo_penalty,23,-0.093068237,12566.497,16750.396,0.1129
11,vanilla_bo_penalty,24,-0.093068237,13322.465,17506.364,0.1223
11,flowguard_calibrated,1,0.311299618,0.000,788.383,0.0000
11,flowguard_calibrated,2,0.311299618,578.012,1366.394,0.0000
11,flowguard_calibrated,3,0.311299618,1280.171,2068.554,0.0000
11,flowguard_calibrated,4,0.311299618,2037.031,2825.413,0.0000
11,flowguard_calibrated,5,0.311299618,2572.084,3360.467,0.0000
11,flowguard_calibrated,6,0.311299618,3331.740,4120.122,0.0000
11,flowguard_calibrated,7,0.311299618,3849.423,4637.805,0.0000
11,flowguard_calibrated,8,0.311299618,4382.072,5170.454,0.0000
11,flowguard_calibrated,9,0.311299618,5028.883,5817.265,0.0605
11,flowguard_calibrated,10,-0.093068237,5028.883,6425.066,0.1188
11,flowguard_calibrated,11,-0.093068237,5028.883,7213.696,0.1931
11,flowguard_calibrated,12,-0.093068237,6367.024,8551.838,0.3906
11,flowguard_calibrated,13,-0.093068237,6367.024,9156.013,0.5860
11,flowguard_calibrated,14,-0.093068237,6948.122,9737.110,0.7839
11,flowguard_calibrated,15,-0.093068237,7533.081,10322.069,0.9823
11,flowguard_calibrated,16,-0.093068237,8870.380,11659.369,1.1813
11,flowguard_calibrated,17,-0.093068237,10215.576,13004.564,1.3806
11,flowguard_calibrated,18,-0.093068237,10215.576,13616.439,1.5831
11,flowguard_calibrated,19,-0.093068237,10971.544,14372.407,1.8066
11,flowguard_calibrated,20,-0.093068237,11472.529,14873.392,2.0387
11,flowguard_calibrated,21,-0.093068237,12231.824,15632.687,2.3082
11,flowguard_calibrated,22,-0.093068237,12732.426,16133.289,2.5798
11,flowguard_calibrated,23,-0.093068237,13239.181,16640.044,2.8101
11,flowguard_calibrated,24,-0.093068237,13778.944,17179.807,3.0217
11,ei_only_ablation,1,0.311299618,0.000,788.383,0.0000
11,ei_only_ablation,2,0.311299618,578.012,1366.394,0.0000
11,ei_only_ablation,3,0.311299618,1280.171,2068.554,0.0000
11,ei_only_ablation,4,0.311299618,2037.031,2825.413,0.0000
11,ei_only_ablation,5,0.311299618,2572.084,3360.467,0.0000
11,ei_only_ablation,6,0.311299618,3331.740,4120.122,0.0000
11,ei_only_ablation,7,0.311299618,3849.423,4637.805,0.0000
11,ei_only_ablation,8,0.311299618,4382.072,5170.454,0.0000
11,ei_only_ablation,9,0.311299618,5028.883,5817.265,0.0020
11,ei_only_ablation,10,-0.093068237,5028.883,6425.066,0.0037
11,ei_only_ablation,11,-0.093068237,5028.883,7029.241,0.0168
11,ei_only_ablation,12,-0.093068237,6366.182,8366.541,0.0239
11,ei_only_ablation,13,-0.093068237,7704.324,9704.682,0.0316
11,ei_only_ablation,14,-0.093068237,8285.422,10285.780,0.0387
11,ei_only_ablation,15,-0.093068237,8870.380,10870.739,0.0477
11,ei_only_ablation,16,-0.093068237,10215.576,12215.934,0.0573
11,ei_only_ablation,17,-0.093068237,10971.544,12971.902,0.0682
11,ei_only_ablation,18,-0.093068237,11472.529,13472.887,0.0822
11,ei_only_ablation,19,-0.093068237,12012.292,14012.651,0.0893
11,ei_only_ablation,20,-0.093068237,12771.587,14771.945,0.0973
11,ei_only_ablation,21,-0.093068237,13272.189,15272.547,0.1044
11,ei_only_ablation,22,-0.093068237,13969.861,15970.220,0.1141
11,ei_only_ablation,23,-0.093068237,14619.766,16620.125,0.1211
11,ei_only_ablation,24,-0.093068237,15126.522,17126.880,0.1302
29,vanilla_bo_penalty,1,,1337.300,1337.300,0.0000
29,vanilla_bo_penalty,2,0.311299618,1337.300,2125.930,0.0000
29,vanilla_bo_penalty,3,0.311299618,2094.190,2882.820,0.0000
29,vanilla_bo_penalty,4,0.311299618,2094.190,3671.202,0.0000
29,vanilla_bo_penalty,5,0.311299618,3439.385,5016.398,0.0000
29,vanilla_bo_penalty,6,0.311299618,4070.490,5647.503,0.0000
29,vanilla_bo_penalty,7,0.311299618,4577.246,6154.258,0.0000
29,vanilla_bo_penalty,8,0.311299618,5300.174,6877.186,0.0000
29,vanilla_bo_penalty,9,0.311299618,5300.174,7660.222,0.0071
29,vanilla_bo_penalty,10,0.311299618,5946.985,8307.033,0.0163
29,vanilla_bo_penalty,11,0.311299618,6596.890,8956.938,0.0223
29,vanilla_bo_penalty,12,0.311299618,7097.875,9457.924,0.0284
29,vanilla_bo_penalty,13,0.311299618,7857.531,10217.579,0.0345
29,vanilla_bo_penalty,14,0.311299618,8613.498,10973.547,0.0449
29,vanilla_bo_penalty,15,-0.093068237,8613.498,11581.348,0.0521
29,vanilla_bo_penalty,16,-0.093068237,9951.640,12919.489,0.0590
29,vanilla_bo_penalty,17,-0.093068237,9951.640,13523.664,0.0692
29,vanilla_bo_penalty,18,-0.093068237,9951.640,14135.539,0.0795
29,vanilla_bo_penalty,19,-0.093068237,10470.685,14654.584,0.0881
29,vanilla_bo_penalty,20,-0.093068237,10985.834,15169.733,0.0952
29,vanilla_bo_penalty,21,-0.093068237,11687.993,15871.892,0.1017
29,vanilla_bo_penalty,22,-0.093068237,12385.666,16569.565,0.1084
29,vanilla_bo_penalty,23,-0.093068237,12967.629,17151.528,0.1172
29,vanilla_bo_penalty,24,-0.093068237,13547.325,17731.225,0.1239
29,flowguard_calibrated,1,,1337.300,1337.300,0.0000
29,flowguard_calibrated,2,0.311299618,1337.300,2125.930,0.0000
29,flowguard_calibrated,3,0.311299618,2094.190,2882.820,0.0000
29,flowguard_calibrated,4,0.311299618,2094.190,3671.202,0.0000
29,flowguard_calibrated,5,0.311299618,3439.385,5016.398,0.0000
29,flowguard_calibrated,6,0.311299618,4070.490,5647.503,0.0000
29,flowguard_calibrated,7,0.311299618,4577.246,6154.258,0.0000
29,flowguard_calibrated,8,0.311299618,5300.174,6877.186,0.0000
29,flowguard_calibrated,9,0.311299618,5946.985,7523.997,0.0582
29,flowguard_calibrated,10,-0.093068237,5946.985,8131.798,0.1165
29,flowguard_calibrated,11,-0.093068237,7285.126,9469.940,0.3636
29,flowguard_calibrated,12,-0.093068237,7285.126,10074.115,0.5688
29,flowguard_calibrated,13,-0.093068237,7866.224,10655.212,0.8300
29,flowguard_calibrated,14,-0.093068237,8451.183,11240.171,1.0360
29,flowguard_calibrated,15,-0.093068237,9029.194,11818.183,1.2468
29,flowguard_calibrated,16,-0.093068237,9029.194,12430.057,1.4502
29,flowguard_calibrated,17,-0.093068237,9785.162,13186.025,1.6574
29,flowguard_calibrated,18,-0.093068237,10286.147,13687.010,1.8648
29,flowguard_calibrated,19,-0.093068237,11045.803,14446.666,2.0725
29,flowguard_calibrated,20,-0.093068237,11805.098,15205.961,2.2994
29,flowguard_calibrated,21,-0.093068237,12305.700,15706.563,2.6080
29,flowguard_calibrated,22,-0.093068237,12845.463,16246.326,2.8269
29,flowguard_calibrated,23,-0.093068237,13378.112,16778.975,3.0434
29,flowguard_calibrated,24,-0.093068237,14134.972,17535.835,3.2654
29,ei_only_ablation,1,,1337.300,1337.300,0.0000
29,ei_only_ablation,2,0.311299618,1337.300,2125.930,0.0000
29,ei_only_ablation,3,0.311299618,2094.190,2882.820,0.0000
29,ei_only_ablation,4,0.311299618,2094.190,3671.202,0.0000
29,ei_only_ablation,5,0.311299618,3439.385,5016.398,0.0000
29,ei_only_ablation,6,0.311299618,4070.490,5647.503,0.0000
29,ei_only_ablation,7,0.311299618,4577.246,6154.258,0.0000
29,ei_only_ablation,8,0.311299618,5300.174,6877.186,0.0000
29,ei_only_ablation,9,0.311299618,5946.985,7523.997,0.0019
29,ei_only_ablation,10,-0.093068237,5946.985,8131.798,0.0038
29,ei_only_ablation,11,-0.093068237,7285.126,9469.940,0.0096
29,ei_only_ablation,12,-0.093068237,7285.126,10074.115,0.0174
29,ei_only_ablation,13,-0.093068237,7870.085,10659.073,0.0263
29,ei_only_ablation,14,-0.093068237,8451.183,11240.171,0.0362
29,ei_only_ablation,15,-0.093068237,9029.194,11818.183,0.0488
29,ei_only_ablation,16,-0.093068237,9788.850,12577.839,0.0577
29,ei_only_ablation,17,-0.093068237,10289.452,13078.441,0.0691
29,ei_only_ablation,18,-0.093068237,11048.747,13837.735,0.0819
29,ei_only_ablation,19,-0.093068237,11549.732,14338.721,0.0909
29,ei_only_ablation,20,-0.093068237,12305.700,15094.688,0.1023
29,ei_only_ablation,21,-0.093068237,12305.700,15706.563,0.1116
29,ei_only_ablation,22,-0.093068237,13061.339,16462.202,0.1215
29,ei_only_ablation,23,-0.093068237,13593.988,16994.851,0.1335
29,ei_only_ablation,24,-0.093068237,14350.847,17751.710,0.1446
47,vanilla_bo_penalty,1,,1338.142,1338.142,0.0000
47,vanilla_bo_penalty,2,,1870.791,1870.791,0.0000
47,vanilla_bo_penalty,3,,2572.950,2572.950,0.0000
47,vanilla_bo_penalty,4,,3332.606,3332.606,0.0000
47,vanilla_bo_penalty,5,,4677.802,4677.802,0.0000
47,vanilla_bo_penalty,6,,5434.692,5434.692,0.0000
47,vanilla_bo_penalty,7,,6106.721,6106.721,0.0000
47,vanilla_bo_penalty,8,-0.093068237,6106.721,6714.522,0.0000
47,vanilla_bo_penalty,9,-0.093068237,6106.721,7318.696,0.0067
47,vanilla_bo_penalty,10,-0.093068237,6106.721,7930.571,0.0138
47,vanilla_bo_penalty,11,-0.093068237,6804.393,8628.243,0.0227
47,vanilla_bo_penalty,12,-0.093068237,7319.542,9143.392,0.0301
47,vanilla_bo_penalty,13,-0.093068237,7319.542,9931.775,0.0383
47,vanilla_bo_penalty,14,-0.093068237,7901.505,10513.738,0.0452
47,vanilla_bo_penalty,15,-0.093068237,7901.505,11296.775,0.0541
47,vanilla_bo_penalty,16,-0.093068237,7901.505,12085.404,0.0610
47,vanilla_bo_penalty,17,-0.093068237,8402.491,12586.390,0.0706
47,vanilla_bo_penalty,18,-0.093068237,9158.458,13342.357,0.0775
47,vanilla_bo_penalty,19,-0.093068237,9738.155,13922.054,0.0870
47,vanilla_bo_penalty,20,-0.093068237,10388.060,14571.959,0.0955
47,vanilla_bo_penalty,21,-0.093068237,11034.871,15218.770,0.1044
47,vanilla_bo_penalty,22,-0.093068237,11615.969,15799.868,0.1115
47,vanilla_bo_penalty,23,-0.093068237,12122.724,16306.623,0.1202
47,vanilla_bo_penalty,24,-0.093068237,12640.407,16824.306,0.1286
47,flowguard_calibrated,1,,1338.142,1338.142,0.0000
47,flowguard_calibrated,2,,1870.791,1870.791,0.0000
47,flowguard_calibrated,3,,2572.950,2572.950,0.0000
47,flowguard_calibrated,4,,3332.606,3332.606,0.0000
47,flowguard_calibrated,5,,4677.802,4677.802,0.0000
47,flowguard_calibrated,6,,5434.692,5434.692,0.0000
47,flowguard_calibrated,7,,6106.721,6106.721,0.0000
47,flowguard_calibrated,8,-0.093068237,6106.721,6714.522,0.0000
47,flowguard_calibrated,9,-0.093068237,6753.532,7361.333,0.0695
47,flowguard_calibrated,10,-0.093068237,6753.532,8149.715,0.1299
47,flowguard_calibrated,11,-0.093068237,6753.532,8938.345,0.2016
47,flowguard_calibrated,12,-0.093068237,6753.532,9542.520,0.4277
47,flowguard_calibrated,13,-0.093068237,7338.491,10127.479,0.6274
47,flowguard_calibrated,14,-0.093068237,7919.589,10708.577,0.8266
47,flowguard_calibrated,15,-0.093068237,8497.600,11286.588,1.0267
47,flowguard_calibrated,16,-0.093068237,9834.900,12623.888,1.2363
47,flowguard_calibrated,17,-0.093068237,9834.900,13235.763,1.4435
47,flowguard_calibrated,18,-0.093068237,10335.885,13736.748,1.6567
47,flowguard_calibrated,19,-0.093068237,11091.853,14492.716,1.8587
47,flowguard_calibrated,20,-0.093068237,11592.455,14993.318,2.0624
47,flowguard_calibrated,21,-0.093068237,12099.210,15500.073,2.2666
47,flowguard_calibrated,22,-0.093068237,12858.505,16259.368,2.4877
47,flowguard_calibrated,23,-0.093068237,13398.268,16799.131,2.6925
47,flowguard_calibrated,24,-0.093068237,14155.128,17555.991,2.8947
47,ei_only_ablation,1,,1338.142,1338.142,0.0000
47,ei_only_ablation,2,,1870.791,1870.791,0.0000
47,ei_only_ablation,3,,2572.950,2572.950,0.0000
47,ei_only_ablation,4,,3332.606,3332.606,0.0000
47,ei_only_ablation,5,,4677.802,4677.802,0.0000
47,ei_only_ablation,6,,5434.692,5434.692,0.0000
47,ei_only_ablation,7,,6106.721,6106.721,0.0000
47,ei_only_ablation,8,-0.093068237,6106.721,6714.522,0.0000
47,ei_only_ablation,9,-0.093068237,6753.532,7361.333,0.0019
47,ei_only_ablation,10,-0.093068237,6753.532,8149.715,0.0037
47,ei_only_ablation,11,-0.093068237,6753.532,8753.890,0.0180
47,ei_only_ablation,12,-0.093068237,8090.831,10091.190,0.0249
47,ei_only_ablation,13,-0.093068237,8671.929,10672.287,0.0352
47,ei_only_ablation,14,-0.093068237,9256.888,11257.246,0.0432
47,ei_only_ablation,15,-0.093068237,9834.900,11835.258,0.0523
47,ei_only_ablation,16,-0.093068237,10590.867,12591.226,0.0619
47,ei_only_ablation,17,-0.093068237,11091.853,13092.211,0.0690
47,ei_only_ablation,18,-0.093068237,11848.712,13849.071,0.0779
47,ei_only_ablation,19,-0.093068237,12388.475,14388.834,0.0849
47,ei_only_ablation,20,-0.093068237,13147.770,15148.129,0.0944
47,ei_only_ablation,21,-0.093068237,13648.372,15648.731,0.1013
47,ei_only_ablation,22,-0.093068237,14346.045,16346.403,0.1113
47,ei_only_ablation,23,-0.093068237,14995.950,16996.308,0.1182
47,ei_only_ablation,24,-0.093068237,15502.705,17503.063,0.1277
101,vanilla_bo_penalty,1,,759.295,759.295,0.0000
101,vanilla_bo_penalty,2,,1409.200,1409.200,0.0000
101,vanilla_bo_penalty,3,,1994.159,1994.159,0.0000
101,vanilla_bo_penalty,4,,2691.831,2691.831,0.0000
101,vanilla_bo_penalty,5,,3192.816,3192.816,0.0000
101,vanilla_bo_penalty,6,,3774.780,3774.780,0.0000
101,vanilla_bo_penalty,7,,4354.476,4354.476,0.0000
101,vanilla_bo_penalty,8,,5026.505,5026.505,0.0000
101,vanilla_bo_penalty,9,,5673.316,5673.316,0.0041
101,vanilla_bo_penalty,10,0.311299618,5673.316,6461.699,0.0058
101,vanilla_bo_penalty,11,0.311299618,5673.316,7244.735,0.0143
101,vanilla_bo_penalty,12,0.311299618,6375.476,7946.895,0.0227
101,vanilla_bo_penalty,13,0.311299618,6375.476,8735.525,0.0298
101,vanilla_bo_penalty,14,0.311299618,7720.671,10080.720,0.0367
101,vanilla_bo_penalty,15,0.311299618,8227.427,10587.475,0.0437
101,vanilla_bo_penalty,16,-0.093068237,8227.427,11195.276,0.0507
101,vanilla_bo_penalty,17,-0.093068237,8227.427,11799.451,0.0585
101,vanilla_bo_penalty,18,-0.093068237,9565.568,13137.593,0.0647
101,vanilla_bo_penalty,19,-0.093068237,9565.568,13749.467,0.0733
101,vanilla_bo_penalty,20,-0.093068237,10083.251,14267.150,0.0805
101,vanilla_bo_penalty,21,-0.093068237,10618.304,14802.204,0.0902
101,vanilla_bo_penalty,22,-0.093068237,11374.272,15558.171,0.0979
101,vanilla_bo_penalty,23,-0.093068237,12133.928,16317.827,0.1071
101,vanilla_bo_penalty,24,-0.093068237,12715.025,16898.925,0.1145
101,flowguard_calibrated,1,,759.295,759.295,0.0000
101,flowguard_calibrated,2,,1409.200,1409.200,0.0000
101,flowguard_calibrated,3,,1994.159,1994.159,0.0000
101,flowguard_calibrated,4,,2691.831,2691.831,0.0000
101,flowguard_calibrated,5,,3192.816,3192.816,0.0000
101,flowguard_calibrated,6,,3774.780,3774.780,0.0000
101,flowguard_calibrated,7,,4354.476,4354.476,0.0000
101,flowguard_calibrated,8,,5026.505,5026.505,0.0000
101,flowguard_calibrated,9,,5673.316,5673.316,0.0017
101,flowguard_calibrated,10,0.311299618,5673.316,6461.699,0.0032
101,flowguard_calibrated,11,-0.093068237,5673.316,7069.500,0.0630
101,flowguard_calibrated,12,-0.093068237,6375.476,7771.659,0.1361
101,flowguard_calibrated,13,-0.093068237,7713.618,9109.801,0.2044
101,flowguard_calibrated,14,-0.093068237,7713.618,9713.976,0.2731
101,flowguard_calibrated,15,-0.093068237,9050.917,11051.275,0.4759
101,flowguard_calibrated,16,-0.093068237,9632.015,11632.373,0.6771
101,flowguard_calibrated,17,-0.093068237,10210.026,12210.385,0.8774
101,flowguard_calibrated,18,-0.093068237,11555.222,13555.580,1.0768
101,flowguard_calibrated,19,-0.093068237,12311.190,14311.548,1.2795
101,flowguard_calibrated,20,-0.093068237,12311.190,14923.423,1.4992
101,flowguard_calibrated,21,-0.093068237,12817.945,15430.178,1.8290
101,flowguard_calibrated,22,-0.093068237,13577.601,16189.834,2.0838
101,flowguard_calibrated,23,-0.093068237,14078.203,16690.436,2.3466
101,flowguard_calibrated,24,-0.093068237,14610.852,17223.085,2.6241
101,ei_only_ablation,1,,759.295,759.295,0.0000
101,ei_only_ablation,2,,1409.200,1409.200,0.0000
101,ei_only_ablation,3,,1994.159,1994.159,0.0000
101,ei_only_ablation,4,,2691.831,2691.831,0.0000
101,ei_only_ablation,5,,3192.816,3192.816,0.0000
101,ei_only_ablation,6,,3774.780,3774.780,0.0000
101,ei_only_ablation,7,,4354.476,4354.476,0.0000
101,ei_only_ablation,8,,5026.505,5026.505,0.0000
101,ei_only_ablation,9,,5673.316,5673.316,0.0030
101,ei_only_ablation,10,0.311299618,5673.316,6461.699,0.0047
101,ei_only_ablation,11,-0.093068237,5673.316,7069.500,0.0065
101,ei_only_ablation,12,-0.093068237,5673.316,7673.675,0.0537
101,ei_only_ablation,13,-0.093068237,7010.616,9010.974,0.0612
101,ei_only_ablation,14,-0.093068237,8348.758,10349.116,0.0725
101,ei_only_ablation,15,-0.093068237,8929.855,10930.214,0.0798
101,ei_only_ablation,16,-0.093068237,10275.051,12275.409,0.0914
101,ei_only_ablation,17,-0.093068237,10853.062,12853.421,0.0990
101,ei_only_ablation,18,-0.093068237,11609.030,13609.388,0.1111
101,ei_only_ablation,19,-0.093068237,12148.793,14149.152,0.1196
101,ei_only_ablation,20,-0.093068237,12905.653,14906.011,0.1311
101,ei_only_ablation,21,-0.093068237,13406.255,15406.613,0.1386
101,ei_only_ablation,22,-0.093068237,14165.911,16166.269,0.1469
101,ei_only_ablation,23,-0.093068237,14672.666,16673.024,0.1587
101,ei_only_ablation,24,-0.093068237,15187.815,17188.173,0.1666
103,vanilla_bo_penalty,1,-0.093068237,0.000,607.801,0.0000
103,vanilla_bo_penalty,2,-0.093068237,0.000,1211.976,0.0000
103,vanilla_bo_penalty,3,-0.093068237,722.928,1934.903,0.0000
103,vanilla_bo_penalty,4,-0.093068237,1304.026,2516.001,0.0000
103,vanilla_bo_penalty,5,-0.093068237,2060.916,3272.891,0.0000
103,vanilla_bo_penalty,6,-0.093068237,2060.916,4061.521,0.0000
103,vanilla_bo_penalty,7,-0.093068237,3398.215,5398.821,0.0000
103,vanilla_bo_penalty,8,-0.093068237,3937.978,5938.584,0.0000
103,vanilla_bo_penalty,9,-0.093068237,3937.978,6550.459,0.0111
103,vanilla_bo_penalty,10,-0.093068237,4587.883,7200.364,0.0204
103,vanilla_bo_penalty,11,-0.093068237,4587.883,7983.400,0.0266
103,vanilla_bo_penalty,12,-0.093068237,5169.847,8565.363,0.0327
103,vanilla_bo_penalty,13,-0.093068237,5749.543,9145.060,0.0424
103,vanilla_bo_penalty,14,-0.093068237,6396.354,9791.871,0.0504
103,vanilla_bo_penalty,15,-0.093068237,6903.110,10298.626,0.0614
103,vanilla_bo_penalty,16,-0.093068237,7662.765,11058.282,0.0711
103,vanilla_bo_penalty,17,-0.093068237,8418.733,11814.249,0.0781
103,vanilla_bo_penalty,18,-0.093068237,9756.875,13152.391,0.0884
103,vanilla_bo_penalty,19,-0.093068237,11102.070,14497.587,0.0970
103,vanilla_bo_penalty,20,-0.093068237,11102.070,15285.969,0.1077
103,vanilla_bo_penalty,21,-0.093068237,11804.230,15988.129,0.1160
103,vanilla_bo_penalty,22,-0.093068237,12321.913,16505.812,0.1270
103,vanilla_bo_penalty,23,-0.093068237,12822.898,17006.797,0.1344
103,vanilla_bo_penalty,24,-0.093068237,13520.570,17704.469,0.1455
103,flowguard_calibrated,1,-0.093068237,0.000,607.801,0.0000
103,flowguard_calibrated,2,-0.093068237,0.000,1211.976,0.0000
103,flowguard_calibrated,3,-0.093068237,722.928,1934.903,0.0000
103,flowguard_calibrated,4,-0.093068237,1304.026,2516.001,0.0000
103,flowguard_calibrated,5,-0.093068237,2060.916,3272.891,0.0000
103,flowguard_calibrated,6,-0.093068237,2060.916,4061.521,0.0000
103,flowguard_calibrated,7,-0.093068237,3398.215,5398.821,0.0000
103,flowguard_calibrated,8,-0.093068237,3937.978,5938.584,0.0000
103,flowguard_calibrated,9,-0.093068237,5276.120,7276.726,0.2567
103,flowguard_calibrated,10,-0.093068237,5922.931,7923.537,0.5265
103,flowguard_calibrated,11,-0.093068237,6500.943,8501.548,0.7411
103,flowguard_calibrated,12,-0.093068237,7085.902,9086.507,0.9660
103,flowguard_calibrated,13,-0.093068237,7618.551,9619.156,1.1672
103,flowguard_calibrated,14,-0.093068237,8320.710,10321.316,1.3631
103,flowguard_calibrated,15,-0.093068237,9080.366,11080.972,1.6146
103,flowguard_calibrated,16,-0.093068237,9587.121,11587.727,1.8283
103,flowguard_calibrated,17,-0.093068237,10342.760,12343.365,2.1042
103,flowguard_calibrated,18,-0.093068237,10861.805,12862.410,2.3572
103,flowguard_calibrated,19,-0.093068237,11362.407,13363.012,2.5647
103,flowguard_calibrated,20,-0.093068237,11362.407,13974.887,2.7702
103,flowguard_calibrated,21,-0.093068237,12707.602,15320.083,2.9783
103,flowguard_calibrated,22,-0.093068237,13463.570,16076.050,3.1893
103,flowguard_calibrated,23,-0.093068237,13964.555,16577.036,3.3972
103,flowguard_calibrated,24,-0.093068237,14723.850,17336.331,3.6271
103,ei_only_ablation,1,-0.093068237,0.000,607.801,0.0000
103,ei_only_ablation,2,-0.093068237,0.000,1211.976,0.0000
103,ei_only_ablation,3,-0.093068237,722.928,1934.903,0.0000
103,ei_only_ablation,4,-0.093068237,1304.026,2516.001,0.0000
103,ei_only_ablation,5,-0.093068237,2060.916,3272.891,0.0000
103,ei_only_ablation,6,-0.093068237,2060.916,4061.521,0.0000
103,ei_only_ablation,7,-0.093068237,3398.215,5398.821,0.0000
103,ei_only_ablation,8,-0.093068237,3937.978,5938.584,0.0000
103,ei_only_ablation,9,-0.093068237,4522.937,6523.543,0.0076
103,ei_only_ablation,10,-0.093068237,5861.079,7861.685,0.0148
103,ei_only_ablation,11,-0.093068237,6439.091,8439.696,0.0244
103,ei_only_ablation,12,-0.093068237,7198.746,9199.352,0.0320
103,ei_only_ablation,13,-0.093068237,7705.502,9706.107,0.0420
103,ei_only_ablation,14,-0.093068237,8238.151,10238.756,0.0494
103,ei_only_ablation,15,-0.093068237,8993.789,10994.395,0.0587
103,ei_only_ablation,16,-0.093068237,9695.949,11696.554,0.0657
103,ei_only_ablation,17,-0.093068237,10342.760,12343.365,0.0939
103,ei_only_ablation,18,-0.093068237,11687.955,13688.561,0.1228
103,ei_only_ablation,19,-0.093068237,12188.557,14189.163,0.1359
103,ei_only_ablation,20,-0.093068237,12947.852,14948.458,0.1467
103,ei_only_ablation,21,-0.093068237,13466.897,15467.503,0.1631
103,ei_only_ablation,22,-0.093068237,13967.883,15968.488,0.1706
103,ei_only_ablation,23,-0.093068237,14723.850,16724.456,0.1814
103,ei_only_ablation,24,-0.093068237,15258.903,17259.509,0.1884
107,vanilla_bo_penalty,1,,631.105,631.105,0.0000
107,vanilla_bo_penalty,2,-0.093068237,631.105,1242.980,0.0000
107,vanilla_bo_penalty,3,-0.093068237,1166.158,1778.033,0.0000
107,vanilla_bo_penalty,4,-0.093068237,1751.117,2362.992,0.0000
107,vanilla_bo_penalty,5,-0.093068237,2453.277,3065.151,0.0000
107,vanilla_bo_penalty,6,-0.093068237,3212.572,3824.446,0.0000
107,vanilla_bo_penalty,7,-0.093068237,3745.221,4357.095,0.0000
107,vanilla_bo_penalty,8,-0.093068237,4251.976,4863.851,0.0000
107,vanilla_bo_penalty,9,-0.093068237,4901.881,5513.756,0.0102
107,vanilla_bo_penalty,10,-0.093068237,6247.076,6858.951,0.0174
107,vanilla_bo_penalty,11,-0.093068237,6247.076,7463.126,0.0273
107,vanilla_bo_penalty,12,-0.093068237,6247.076,8070.927,0.0335
107,vanilla_bo_penalty,13,-0.093068237,6893.888,8717.738,0.0432
107,vanilla_bo_penalty,14,-0.093068237,7591.560,9415.410,0.0527
107,vanilla_bo_penalty,15,-0.093068237,8929.701,10753.552,0.0598
107,vanilla_bo_penalty,16,-0.093068237,9444.850,11268.701,0.0671
107,vanilla_bo_penalty,17,-0.093068237,9963.895,11787.746,0.0760
107,vanilla_bo_penalty,18,-0.093068237,10464.881,12288.731,0.0833
107,vanilla_bo_penalty,19,-0.093068237,10464.881,13077.361,0.0931
107,vanilla_bo_penalty,20,-0.093068237,10464.881,13860.397,0.1014
107,vanilla_bo_penalty,21,-0.093068237,10464.881,14648.780,0.1107
107,vanilla_bo_penalty,22,-0.093068237,11220.848,15404.748,0.1187
107,vanilla_bo_penalty,23,-0.093068237,11980.504,16164.403,0.1271
107,vanilla_bo_penalty,24,-0.093068237,12560.201,16744.100,0.1351
107,flowguard_calibrated,1,,631.105,631.105,0.0000
107,flowguard_calibrated,2,-0.093068237,631.105,1242.980,0.0000
107,flowguard_calibrated,3,-0.093068237,1166.158,1778.033,0.0000
107,flowguard_calibrated,4,-0.093068237,1751.117,2362.992,0.0000
107,flowguard_calibrated,5,-0.093068237,2453.277,3065.151,0.0000
107,flowguard_calibrated,6,-0.093068237,3212.572,3824.446,0.0000
107,flowguard_calibrated,7,-0.093068237,3745.221,4357.095,0.0000
107,flowguard_calibrated,8,-0.093068237,4251.976,4863.851,0.0000
107,flowguard_calibrated,9,-0.093068237,4898.787,5510.662,0.0634
107,flowguard_calibrated,10,-0.093068237,4898.787,6299.044,0.1230
107,flowguard_calibrated,11,-0.093068237,4898.787,7087.674,0.1895
107,flowguard_calibrated,12,-0.093068237,6243.983,8432.870,0.3890
107,flowguard_calibrated,13,-0.093068237,6243.983,9037.045,0.5911
107,flowguard_calibrated,14,-0.093068237,6821.994,9615.057,0.8334
107,flowguard_calibrated,15,-0.093068237,7403.092,10196.154,1.0821
107,flowguard_calibrated,16,-0.093068237,8740.391,11533.454,1.3323
107,flowguard_calibrated,17,-0.093068237,10078.533,12871.595,1.5890
107,flowguard_calibrated,18,-0.093068237,10078.533,13479.396,1.8700
107,flowguard_calibrated,19,-0.093068237,10834.501,14235.364,2.1277
107,flowguard_calibrated,20,-0.093068237,11335.486,14736.349,2.3806
107,flowguard_calibrated,21,-0.093068237,11836.088,15236.951,2.6345
107,flowguard_calibrated,22,-0.093068237,12595.744,15996.607,2.9003
107,flowguard_calibrated,23,-0.093068237,13352.603,16753.466,3.1848
107,flowguard_calibrated,24,-0.093068237,13892.367,17293.230,3.4210
107,ei_only_ablation,1,,631.105,631.105,0.0000
107,ei_only_ablation,2,-0.093068237,631.105,1242.980,0.0000
107,ei_only_ablation,3,-0.093068237,1166.158,1778.033,0.0000
107,ei_only_ablation,4,-0.093068237,1751.117,2362.992,0.0000
107,ei_only_ablation,5,-0.093068237,2453.277,3065.151,0.0000
107,ei_only_ablation,6,-0.093068237,3212.572,3824.446,0.0000
107,ei_only_ablation,7,-0.093068237,3745.221,4357.095,0.0000
107,ei_only_ablation,8,-0.093068237,4251.976,4863.851,0.0000
107,ei_only_ablation,9,-0.093068237,4898.787,5510.662,0.0020
107,ei_only_ablation,10,-0.093068237,4898.787,6299.044,0.0039
107,ei_only_ablation,11,-0.093068237,6243.983,7644.240,0.0161
107,ei_only_ablation,12,-0.093068237,6243.983,8248.415,0.0256
107,ei_only_ablation,13,-0.093068237,6821.994,8826.427,0.0328
107,ei_only_ablation,14,-0.093068237,7403.092,9407.524,0.0418
107,ei_only_ablation,15,-0.093068237,8740.391,10744.824,0.0506
107,ei_only_ablation,16,-0.093068237,9241.377,11245.809,0.0577
107,ei_only_ablation,17,-0.093068237,9997.344,12001.777,0.0648
107,ei_only_ablation,18,-0.093068237,10537.108,12541.540,0.0720
107,ei_only_ablation,19,-0.093068237,11293.967,13298.400,0.0795
107,ei_only_ablation,20,-0.093068237,11991.640,13996.072,0.0870
107,ei_only_ablation,21,-0.093068237,12641.544,14645.977,0.0963
107,ei_only_ablation,22,-0.093068237,13979.686,15984.118,0.1040
107,ei_only_ablation,23,-0.093068237,14480.288,16484.720,0.1149
107,ei_only_ablation,24,-0.093068237,14995.437,16999.869,0.1228
109,vanilla_bo_penalty,1,,517.683,517.683,0.0000
109,vanilla_bo_penalty,2,-0.093068237,517.683,1129.558,0.0000
109,vanilla_bo_penalty,3,-0.093068237,1240.611,1852.486,0.0000
109,vanilla_bo_penalty,4,-0.093068237,1825.570,2437.444,0.0000
109,vanilla_bo_penalty,5,-0.093068237,2344.615,2956.489,0.0000
109,vanilla_bo_penalty,6,-0.093068237,3042.287,3654.162,0.0000
109,vanilla_bo_penalty,7,-0.093068237,3624.250,4236.125,0.0000
109,vanilla_bo_penalty,8,-0.093068237,4381.140,4993.015,0.0000
109,vanilla_bo_penalty,9,-0.093068237,5726.336,6338.211,0.0062
109,vanilla_bo_penalty,10,-0.093068237,5726.336,6942.386,0.0127
109,vanilla_bo_penalty,11,-0.093068237,5726.336,7550.186,0.0187
109,vanilla_bo_penalty,12,-0.093068237,6376.241,8200.091,0.0269
109,vanilla_bo_penalty,13,-0.093068237,7023.052,8846.902,0.0331
109,vanilla_bo_penalty,14,-0.093068237,8361.194,10185.044,0.0425
109,vanilla_bo_penalty,15,-0.093068237,8862.179,10686.029,0.0501
109,vanilla_bo_penalty,16,-0.093068237,9368.934,11192.784,0.0586
109,vanilla_bo_penalty,17,-0.093068237,9368.934,11981.414,0.0662
109,vanilla_bo_penalty,18,-0.093068237,9948.631,12561.111,0.0755
109,vanilla_bo_penalty,19,-0.093068237,9948.631,13344.147,0.0853
109,vanilla_bo_penalty,20,-0.093068237,10704.598,14100.115,0.0932
109,vanilla_bo_penalty,21,-0.093068237,11464.254,14859.771,0.1007
109,vanilla_bo_penalty,22,-0.093068237,11464.254,15648.153,0.1100
109,vanilla_bo_penalty,23,-0.093068237,12166.414,16350.313,0.1179
109,vanilla_bo_penalty,24,-0.093068237,12747.511,16931.410,0.1269
109,flowguard_calibrated,1,,517.683,517.683,0.0000
109,flowguard_calibrated,2,-0.093068237,517.683,1129.558,0.0000
109,flowguard_calibrated,3,-0.093068237,1240.611,1852.486,0.0000
109,flowguard_calibrated,4,-0.093068237,1825.570,2437.444,0.0000
109,flowguard_calibrated,5,-0.093068237,2344.615,2956.489,0.0000
109,flowguard_calibrated,6,-0.093068237,3042.287,3654.162,0.0000
109,flowguard_calibrated,7,-0.093068237,3624.250,4236.125,0.0000
109,flowguard_calibrated,8,-0.093068237,4381.140,4993.015,0.0000
109,flowguard_calibrated,9,-0.093068237,5027.951,5639.826,0.0633
109,flowguard_calibrated,10,-0.093068237,5027.951,6428.209,0.1239
109,flowguard_calibrated,11,-0.093068237,6373.147,7773.404,0.1920
109,flowguard_calibrated,12,-0.093068237,6373.147,8377.579,0.2602
109,flowguard_calibrated,13,-0.093068237,6954.245,8958.677,0.4620
109,flowguard_calibrated,14,-0.093068237,7532.256,9536.689,0.6670
109,flowguard_calibrated,15,-0.093068237,8869.556,10873.988,0.8734
109,flowguard_calibrated,16,-0.093068237,9519.461,11523.893,1.0921
109,flowguard_calibrated,17,-0.093068237,10275.428,12279.861,1.2955
109,flowguard_calibrated,18,-0.093068237,10776.414,12780.846,1.5103
109,flowguard_calibrated,19,-0.093068237,11316.177,13320.609,1.7100
109,flowguard_calibrated,20,-0.093068237,12073.037,14077.469,1.9142
109,flowguard_calibrated,21,-0.093068237,12832.331,14836.764,2.1129
109,flowguard_calibrated,22,-0.093068237,13332.933,15337.366,2.3333
109,flowguard_calibrated,23,-0.093068237,13332.933,15945.167,2.5326
109,flowguard_calibrated,24,-0.093068237,14671.075,17283.308,2.7397
109,ei_only_ablation,1,,517.683,517.683,0.0000
109,ei_only_ablation,2,-0.093068237,517.683,1129.558,0.0000
109,ei_only_ablation,3,-0.093068237,1240.611,1852.486,0.0000
109,ei_only_ablation,4,-0.093068237,1825.570,2437.444,0.0000
109,ei_only_ablation,5,-0.093068237,2344.615,2956.489,0.0000
109,ei_only_ablation,6,-0.093068237,3042.287,3654.162,0.0000
109,ei_only_ablation,7,-0.093068237,3624.250,4236.125,0.0000
109,ei_only_ablation,8,-0.093068237,4381.140,4993.015,0.0000
109,ei_only_ablation,9,-0.093068237,5027.951,5639.826,0.0020
109,ei_only_ablation,10,-0.093068237,5027.951,6428.209,0.0039
109,ei_only_ablation,11,-0.093068237,6373.147,7773.404,0.0143
109,ei_only_ablation,12,-0.093068237,6373.147,8377.579,0.0239
109,ei_only_ablation,13,-0.093068237,6951.159,8955.591,0.0315
109,ei_only_ablation,14,-0.093068237,7532.256,9536.689,0.0388
109,ei_only_ablation,15,-0.093068237,8869.556,10873.988,0.0461
109,ei_only_ablation,16,-0.093068237,9370.541,11374.974,0.0532
109,ei_only_ablation,17,-0.093068237,10126.509,12130.941,0.0624
109,ei_only_ablation,18,-0.093068237,10666.272,12670.704,0.0693
109,ei_only_ablation,19,-0.093068237,11423.132,13427.564,0.0785
109,ei_only_ablation,20,-0.093068237,12073.037,14077.469,0.0856
109,ei_only_ablation,21,-0.093068237,13411.178,15415.611,0.0954
109,ei_only_ablation,22,-0.093068237,13911.780,15916.213,0.1051
109,ei_only_ablation,23,-0.093068237,14671.075,16675.507,0.1144
109,ei_only_ablation,24,-0.093068237,15186.224,17190.656,0.1249
113,vanilla_bo_penalty,1,,539.763,539.763,0.0000
113,vanilla_bo_penalty,2,,1054.912,1054.912,0.0000
113,vanilla_bo_penalty,3,-0.093068237,1054.912,1662.713,0.0000
113,vanilla_bo_penalty,4,-0.093068237,1634.609,2242.409,0.0000
113,vanilla_bo_penalty,5,-0.093068237,2153.654,2761.455,0.0000
113,vanilla_bo_penalty,6,-0.093068237,2803.559,3411.359,0.0000
113,vanilla_bo_penalty,7,-0.093068237,3475.588,4083.389,0.0000
113,vanilla_bo_penalty,8,-0.093068237,4813.730,5421.530,0.0000
113,vanilla_bo_penalty,9,-0.093068237,4813.730,6025.705,0.0081
113,vanilla_bo_penalty,10,-0.093068237,4813.730,6637.580,0.0140
113,vanilla_bo_penalty,11,-0.093068237,6158.925,7982.775,0.0206
113,vanilla_bo_penalty,12,-0.093068237,6861.085,8684.935,0.0275
113,vanilla_bo_penalty,13,-0.093068237,7620.380,9444.230,0.0363
113,vanilla_bo_penalty,14,-0.093068237,7620.380,10232.613,0.0428
113,vanilla_bo_penalty,15,-0.093068237,7620.380,11015.649,0.0498
113,vanilla_bo_penalty,16,-0.093068237,8127.135,11522.404,0.0569
113,vanilla_bo_penalty,17,-0.093068237,8709.098,12104.367,0.0636
113,vanilla_bo_penalty,18,-0.093068237,8709.098,12892.997,0.0709
113,vanilla_bo_penalty,19,-0.093068237,9464.737,13648.636,0.0775
113,vanilla_bo_penalty,20,-0.093068237,10162.409,14346.308,0.0861
113,vanilla_bo_penalty,21,-0.093068237,10743.507,14927.406,0.0933
113,vanilla_bo_penalty,22,-0.093068237,11244.492,15428.391,0.1028
113,vanilla_bo_penalty,23,-0.093068237,12000.459,16184.359,0.1101
113,vanilla_bo_penalty,24,-0.093068237,12647.270,16831.170,0.1196
113,flowguard_calibrated,1,,539.763,539.763,0.0000
113,flowguard_calibrated,2,,1054.912,1054.912,0.0000
113,flowguard_calibrated,3,-0.093068237,1054.912,1662.713,0.0000
113,flowguard_calibrated,4,-0.093068237,1634.609,2242.409,0.0000
113,flowguard_calibrated,5,-0.093068237,2153.654,2761.455,0.0000
113,flowguard_calibrated,6,-0.093068237,2803.559,3411.359,0.0000
113,flowguard_calibrated,7,-0.093068237,3475.588,4083.389,0.0000
113,flowguard_calibrated,8,-0.093068237,4813.730,5421.530,0.0000
113,flowguard_calibrated,9,-0.093068237,5460.541,6068.341,0.0588
113,flowguard_calibrated,10,-0.093068237,5460.541,6856.724,0.1175
113,flowguard_calibrated,11,-0.093068237,6162.700,7558.884,0.1875
113,flowguard_calibrated,12,-0.093068237,6162.700,8163.058,0.2588
113,flowguard_calibrated,13,-0.093068237,7500.000,9500.358,0.4748
113,flowguard_calibrated,14,-0.093068237,8000.985,10001.343,0.6704
113,flowguard_calibrated,15,-0.093068237,8582.083,10582.441,0.8724
113,flowguard_calibrated,16,-0.093068237,9167.042,11167.400,1.0727
113,flowguard_calibrated,17,-0.093068237,9167.042,11779.275,1.2726
113,flowguard_calibrated,18,-0.093068237,9745.053,12357.286,1.4876
113,flowguard_calibrated,19,-0.093068237,11090.249,13702.482,1.6929
113,flowguard_calibrated,20,-0.093068237,11590.851,14203.084,1.9165
113,flowguard_calibrated,21,-0.093068237,12097.606,14709.839,2.1778
113,flowguard_calibrated,22,-0.093068237,12857.262,15469.495,2.3894
113,flowguard_calibrated,23,-0.093068237,13613.229,16225.462,2.5956
113,flowguard_calibrated,24,-0.093068237,14372.524,16984.757,2.8101
113,ei_only_ablation,1,,539.763,539.763,0.0000
113,ei_only_ablation,2,,1054.912,1054.912,0.0000
113,ei_only_ablation,3,-0.093068237,1054.912,1662.713,0.0000
113,ei_only_ablation,4,-0.093068237,1634.609,2242.409,0.0000
113,ei_only_ablation,5,-0.093068237,2153.654,2761.455,0.0000
113,ei_only_ablation,6,-0.093068237,2803.559,3411.359,0.0000
113,ei_only_ablation,7,-0.093068237,3475.588,4083.389,0.0000
113,ei_only_ablation,8,-0.093068237,4813.730,5421.530,0.0000
113,ei_only_ablation,9,-0.093068237,5460.541,6068.341,0.0019
113,ei_only_ablation,10,-0.093068237,5460.541,6856.724,0.0037
113,ei_only_ablation,11,-0.093068237,5460.541,7460.899,0.0189
113,ei_only_ablation,12,-0.093068237,6797.840,8798.199,0.0283
113,ei_only_ablation,13,-0.093068237,7378.938,9379.296,0.0354
113,ei_only_ablation,14,-0.093068237,7963.897,9964.255,0.0450
113,ei_only_ablation,15,-0.093068237,9309.092,11309.451,0.0520
113,ei_only_ablation,16,-0.093068237,9887.104,11887.462,0.0605
113,ei_only_ablation,17,-0.093068237,10643.072,12643.430,0.0676
113,ei_only_ablation,18,-0.093068237,11144.057,13144.415,0.0778
113,ei_only_ablation,19,-0.093068237,11900.916,13901.275,0.0847
113,ei_only_ablation,20,-0.093068237,12660.211,14660.570,0.0916
113,ei_only_ablation,21,-0.093068237,13160.813,15161.172,0.0985
113,ei_only_ablation,22,-0.093068237,13858.486,15858.844,0.1055
113,ei_only_ablation,23,-0.093068237,14365.241,16365.599,0.1136
113,ei_only_ablation,24,-0.093068237,15124.897,17125.255,0.1229
127,vanilla_bo_penalty,1,0.311299618,0.000,788.383,0.0000
127,vanilla_bo_penalty,2,0.311299618,1338.142,2126.524,0.0000
127,vanilla_bo_penalty,3,0.311299618,1920.105,2708.488,0.0000
127,vanilla_bo_penalty,4,-0.093068237,1920.105,3312.663,0.0000
127,vanilla_bo_penalty,5,-0.093068237,2421.090,3813.648,0.0000
127,vanilla_bo_penalty,6,-0.093068237,3177.058,4569.615,0.0000
127,vanilla_bo_penalty,7,-0.093068237,4514.357,5906.915,0.0000
127,vanilla_bo_penalty,8,-0.093068237,4514.357,6518.790,0.0000
127,vanilla_bo_penalty,9,-0.093068237,4514.357,7301.826,0.0093
127,vanilla_bo_penalty,10,-0.093068237,5186.387,7973.855,0.0243
127,vanilla_bo_penalty,11,-0.093068237,5186.387,8762.485,0.0330
127,vanilla_bo_penalty,12,-0.093068237,5766.083,9342.182,0.0418
127,vanilla_bo_penalty,13,-0.093068237,5766.083,9949.982,0.0494
127,vanilla_bo_penalty,14,-0.093068237,6489.011,10672.910,0.0751
127,vanilla_bo_penalty,15,-0.093068237,7834.207,12018.106,0.0887
127,vanilla_bo_penalty,16,-0.093068237,8593.862,12777.762,0.0960
127,vanilla_bo_penalty,17,-0.093068237,9100.618,13284.517,0.1069
127,vanilla_bo_penalty,18,-0.093068237,9747.429,13931.328,0.1157
127,vanilla_bo_penalty,19,-0.093068237,10397.334,14581.233,0.1262
127,vanilla_bo_penalty,20,-0.093068237,11099.493,15283.392,0.1394
127,vanilla_bo_penalty,21,-0.093068237,11797.165,15981.064,0.1492
127,vanilla_bo_penalty,22,-0.093068237,12314.848,16498.747,0.1607
127,vanilla_bo_penalty,23,-0.093068237,13071.738,17255.638,0.1682
127,vanilla_bo_penalty,24,-0.093068237,13606.792,17790.691,0.1787
127,flowguard_calibrated,1,0.311299618,0.000,788.383,0.0000
127,flowguard_calibrated,2,0.311299618,1338.142,2126.524,0.0000
127,flowguard_calibrated,3,0.311299618,1920.105,2708.488,0.0000
127,flowguard_calibrated,4,-0.093068237,1920.105,3312.663,0.0000
127,flowguard_calibrated,5,-0.093068237,2421.090,3813.648,0.0000
127,flowguard_calibrated,6,-0.093068237,3177.058,4569.615,0.0000
127,flowguard_calibrated,7,-0.093068237,4514.357,5906.915,0.0000
127,flowguard_calibrated,8,-0.093068237,4514.357,6518.790,0.0000
127,flowguard_calibrated,9,-0.093068237,5212.030,7216.462,0.2319
127,flowguard_calibrated,10,-0.093068237,5861.935,7866.367,0.4449
127,flowguard_calibrated,11,-0.093068237,7207.130,9211.563,0.7422
127,flowguard_calibrated,12,-0.093068237,7788.228,9792.660,0.9411
127,flowguard_calibrated,13,-0.093068237,7788.228,10400.461,1.2200
127,flowguard_calibrated,14,-0.093068237,8373.187,10985.420,1.4684
127,flowguard_calibrated,15,-0.093068237,8951.198,11563.431,1.6878
127,flowguard_calibrated,16,-0.093068237,9710.854,12323.087,1.9454
127,flowguard_calibrated,17,-0.093068237,10217.609,12829.842,2.2758
127,flowguard_calibrated,18,-0.093068237,10976.904,13589.137,2.5364
127,flowguard_calibrated,19,-0.093068237,11477.506,14089.739,2.8396
127,flowguard_calibrated,20,-0.093068237,12233.145,14845.378,3.0709
127,flowguard_calibrated,21,-0.093068237,12990.035,15602.268,3.3624
127,flowguard_calibrated,22,-0.093068237,13522.684,16134.917,3.6444
127,flowguard_calibrated,23,-0.093068237,14062.447,16674.680,3.9733
127,flowguard_calibrated,24,-0.093068237,14819.307,17431.540,4.2192
127,ei_only_ablation,1,0.311299618,0.000,788.383,0.0000
127,ei_only_ablation,2,0.311299618,1338.142,2126.524,0.0000
127,ei_only_ablation,3,0.311299618,1920.105,2708.488,0.0000
127,ei_only_ablation,4,-0.093068237,1920.105,3312.663,0.0000
127,ei_only_ablation,5,-0.093068237,2421.090,3813.648,0.0000
127,ei_only_ablation,6,-0.093068237,3177.058,4569.615,0.0000
127,ei_only_ablation,7,-0.093068237,4514.357,5906.915,0.0000
127,ei_only_ablation,8,-0.093068237,4514.357,6518.790,0.0000
127,ei_only_ablation,9,-0.093068237,5092.369,7096.801,0.0173
127,ei_only_ablation,10,-0.093068237,5673.467,7677.899,0.0383
127,ei_only_ablation,11,-0.093068237,7018.662,9023.095,0.0522
127,ei_only_ablation,12,-0.093068237,7603.621,9608.054,0.0691
127,ei_only_ablation,13,-0.093068237,8143.384,10147.817,0.0861
127,ei_only_ablation,14,-0.093068237,8900.244,10904.676,0.1070
127,ei_only_ablation,15,-0.093068237,9597.916,11602.349,0.1227
127,ei_only_ablation,16,-0.093068237,10247.821,12252.254,0.1329
127,ei_only_ablation,17,-0.093068237,11007.116,13011.548,0.1439
127,ei_only_ablation,18,-0.093068237,11507.718,13512.150,0.1567
127,ei_only_ablation,19,-0.093068237,12022.867,14027.299,0.1674
127,ei_only_ablation,20,-0.093068237,12529.622,14534.055,0.1766
127,ei_only_ablation,21,-0.093068237,13289.278,15293.710,0.1866
127,ei_only_ablation,22,-0.093068237,13824.331,15828.763,0.2015
127,ei_only_ablation,23,-0.093068237,14581.221,16585.654,0.2147
127,ei_only_ablation,24,-0.093068237,15160.918,17165.350,0.2219
131,vanilla_bo_penalty,1,,755.968,755.968,0.0000
131,vanilla_bo_penalty,2,,1256.570,1256.570,0.0000
131,vanilla_bo_penalty,3,0.311299618,1256.570,2039.606,0.0000
131,vanilla_bo_penalty,4,0.311299618,1791.623,2574.659,0.0000
131,vanilla_bo_penalty,5,0.311299618,2371.319,3154.355,0.0000
131,vanilla_bo_penalty,6,0.311299618,3708.619,4491.655,0.0000
131,vanilla_bo_penalty,7,0.311299618,4290.582,5073.618,0.0000
131,vanilla_bo_penalty,8,0.311299618,4290.582,5862.248,0.0000
131,vanilla_bo_penalty,9,0.311299618,4940.487,6512.153,0.0090
131,vanilla_bo_penalty,10,0.311299618,4940.487,7300.536,0.0162
131,vanilla_bo_penalty,11,0.311299618,5587.298,7947.347,0.0275
131,vanilla_bo_penalty,12,0.311299618,6284.970,8645.019,0.0341
131,vanilla_bo_penalty,13,0.311299618,6987.130,9347.179,0.0447
131,vanilla_bo_penalty,14,0.311299618,7746.786,10106.834,0.0535
131,vanilla_bo_penalty,15,0.311299618,8331.745,10691.793,0.0638
131,vanilla_bo_penalty,16,0.311299618,8909.756,11269.805,0.0786
131,vanilla_bo_penalty,17,-0.093068237,8909.756,11877.606,0.0959
131,vanilla_bo_penalty,18,-0.093068237,8909.756,12481.781,0.1136
131,vanilla_bo_penalty,19,-0.093068237,8909.756,13093.655,0.1405
131,vanilla_bo_penalty,20,-0.093068237,9427.439,13611.338,0.1675
131,vanilla_bo_penalty,21,-0.093068237,10765.581,14949.480,0.1964
131,vanilla_bo_penalty,22,-0.093068237,12110.776,16294.675,0.2303
131,vanilla_bo_penalty,23,-0.093068237,12617.532,16801.431,0.2692
131,vanilla_bo_penalty,24,-0.093068237,13118.517,17302.416,0.3092
131,flowguard_calibrated,1,,755.968,755.968,0.0000
131,flowguard_calibrated,2,,1256.570,1256.570,0.0000
131,flowguard_calibrated,3,0.311299618,1256.570,2039.606,0.0000
131,flowguard_calibrated,4,0.311299618,1791.623,2574.659,0.0000
131,flowguard_calibrated,5,0.311299618,2371.319,3154.355,0.0000
131,flowguard_calibrated,6,0.311299618,3708.619,4491.655,0.0000
131,flowguard_calibrated,7,0.311299618,4290.582,5073.618,0.0000
131,flowguard_calibrated,8,0.311299618,4290.582,5862.248,0.0000
131,flowguard_calibrated,9,0.311299618,4937.393,6509.059,0.0751
131,flowguard_calibrated,10,0.311299618,4937.393,7297.442,0.1349
131,flowguard_calibrated,11,-0.093068237,4937.393,7905.243,0.3475
131,flowguard_calibrated,12,-0.093068237,5522.352,8490.202,0.5634
131,flowguard_calibrated,13,-0.093068237,6100.364,9068.213,0.7796
131,flowguard_calibrated,14,-0.093068237,6681.461,9649.311,1.0265
131,flowguard_calibrated,15,-0.093068237,8019.603,10987.453,1.2546
131,flowguard_calibrated,16,-0.093068237,9364.799,12332.648,1.5544
131,flowguard_calibrated,17,-0.093068237,9364.799,12944.523,1.8333
131,flowguard_calibrated,18,-0.093068237,9865.784,13445.508,2.0563
131,flowguard_calibrated,19,-0.093068237,10625.440,14205.164,2.3432
131,flowguard_calibrated,20,-0.093068237,11132.195,14711.919,2.7342
131,flowguard_calibrated,21,-0.093068237,11891.490,15471.214,2.9935
131,flowguard_calibrated,22,-0.093068237,12431.253,16010.977,3.3415
131,flowguard_calibrated,23,-0.093068237,12963.902,16543.626,3.6309
131,flowguard_calibrated,24,-0.093068237,13720.792,17300.517,3.8769
131,ei_only_ablation,1,,755.968,755.968,0.0000
131,ei_only_ablation,2,,1256.570,1256.570,0.0000
131,ei_only_ablation,3,0.311299618,1256.570,2039.606,0.0000
131,ei_only_ablation,4,0.311299618,1791.623,2574.659,0.0000
131,ei_only_ablation,5,0.311299618,2371.319,3154.355,0.0000
131,ei_only_ablation,6,0.311299618,3708.619,4491.655,0.0000
131,ei_only_ablation,7,0.311299618,4290.582,5073.618,0.0000
131,ei_only_ablation,8,0.311299618,4290.582,5862.248,0.0000
131,ei_only_ablation,9,0.311299618,4937.393,6509.059,0.0052
131,ei_only_ablation,10,0.311299618,4937.393,7297.442,0.0071
131,ei_only_ablation,11,-0.093068237,4937.393,7905.243,0.0112
131,ei_only_ablation,12,-0.093068237,5522.352,8490.202,0.0382
131,ei_only_ablation,13,-0.093068237,6103.450,9071.299,0.0668
131,ei_only_ablation,14,-0.093068237,6681.461,9649.311,0.1280
131,ei_only_ablation,15,-0.093068237,8019.603,10987.453,0.1700
131,ei_only_ablation,16,-0.093068237,9364.799,12332.648,0.1845
131,ei_only_ablation,17,-0.093068237,10124.454,13092.304,0.2038
131,ei_only_ablation,18,-0.093068237,10631.210,13599.059,0.2203
131,ei_only_ablation,19,-0.093068237,11390.505,14358.354,0.2375
131,ei_only_ablation,20,-0.093068237,11891.490,14859.339,0.2550
131,ei_only_ablation,21,-0.093068237,11891.490,15471.214,0.2707
131,ei_only_ablation,22,-0.093068237,12648.380,16228.104,0.2865
131,ei_only_ablation,23,-0.093068237,13405.240,16984.964,0.2998
131,ei_only_ablation,24,-0.093068237,13945.003,17524.727,0.3273
137,vanilla_bo_penalty,1,,1345.196,1345.196,0.0000
137,vanilla_bo_penalty,2,-0.093068237,1345.196,1949.370,0.0000
137,vanilla_bo_penalty,3,-0.093068237,1864.241,2468.416,0.0000
137,vanilla_bo_penalty,4,-0.093068237,3202.382,3806.557,0.0000
137,vanilla_bo_penalty,5,-0.093068237,3717.531,4321.706,0.0000
137,vanilla_bo_penalty,6,-0.093068237,4440.459,5044.634,0.0000
137,vanilla_bo_penalty,7,-0.093068237,5090.364,5694.539,0.0000
137,vanilla_bo_penalty,8,-0.093068237,5597.119,6201.294,0.0000
137,vanilla_bo_penalty,9,-0.093068237,5597.119,6809.095,0.0196
137,vanilla_bo_penalty,10,-0.093068237,5597.119,7420.970,0.0475
137,vanilla_bo_penalty,11,-0.093068237,6243.930,8067.781,0.0563
137,vanilla_bo_penalty,12,-0.093068237,7003.225,8827.075,0.1004
137,vanilla_bo_penalty,13,-0.093068237,7003.225,9615.705,0.1464
137,vanilla_bo_penalty,14,-0.093068237,7003.225,10398.742,0.1833
137,vanilla_bo_penalty,15,-0.093068237,7003.225,11187.124,0.2005
137,vanilla_bo_penalty,16,-0.093068237,7634.330,11818.230,0.2100
137,vanilla_bo_penalty,17,-0.093068237,8135.316,12319.215,0.2221
137,vanilla_bo_penalty,18,-0.093068237,8716.413,12900.313,0.2320
137,vanilla_bo_penalty,19,-0.093068237,9418.573,13602.472,0.2440
137,vanilla_bo_penalty,20,-0.093068237,10116.245,14300.144,0.2541
137,vanilla_bo_penalty,21,-0.093068237,10875.901,15059.800,0.2654
137,vanilla_bo_penalty,22,-0.093068237,11631.869,15815.768,0.2737
137,vanilla_bo_penalty,23,-0.093068237,12211.565,16395.464,0.2856
137,vanilla_bo_penalty,24,-0.093068237,12793.528,16977.428,0.2957
137,flowguard_calibrated,1,,1345.196,1345.196,0.0000
137,flowguard_calibrated,2,-0.093068237,1345.196,1949.370,0.0000
137,flowguard_calibrated,3,-0.093068237,1864.241,2468.416,0.0000
137,flowguard_calibrated,4,-0.093068237,3202.382,3806.557,0.0000
137,flowguard_calibrated,5,-0.093068237,3717.531,4321.706,0.0000
137,flowguard_calibrated,6,-0.093068237,4440.459,5044.634,0.0000
137,flowguard_calibrated,7,-0.093068237,5090.364,5694.539,0.0000
137,flowguard_calibrated,8,-0.093068237,5597.119,6201.294,0.0000
137,flowguard_calibrated,9,-0.093068237,6243.930,6848.105,0.0591
137,flowguard_calibrated,10,-0.093068237,6243.930,7636.488,0.1186
137,flowguard_calibrated,11,-0.093068237,6243.930,8244.289,0.2556
137,flowguard_calibrated,12,-0.093068237,7581.230,9581.588,0.5288
137,flowguard_calibrated,13,-0.093068237,8162.327,10162.686,0.7571
137,flowguard_calibrated,14,-0.093068237,8747.286,10747.645,0.9972
137,flowguard_calibrated,15,-0.093068237,8747.286,11359.519,1.2410
137,flowguard_calibrated,16,-0.093068237,9325.298,11937.531,1.5465
137,flowguard_calibrated,17,-0.093068237,10084.593,12696.826,1.7934
137,flowguard_calibrated,18,-0.093068237,10585.578,13197.811,2.0712
137,flowguard_calibrated,19,-0.093068237,11086.180,13698.413,2.3349
137,flowguard_calibrated,20,-0.093068237,11845.836,14458.069,2.5963
137,flowguard_calibrated,21,-0.093068237,12601.804,15214.037,2.8543
137,flowguard_calibrated,22,-0.093068237,13134.453,15746.686,3.0779
137,flowguard_calibrated,23,-0.093068237,13674.216,16286.449,3.2823
137,flowguard_calibrated,24,-0.093068237,14429.854,17042.087,3.4911
137,ei_only_ablation,1,,1345.196,1345.196,0.0000
137,ei_only_ablation,2,-0.093068237,1345.196,1949.370,0.0000
137,ei_only_ablation,3,-0.093068237,1864.241,2468.416,0.0000
137,ei_only_ablation,4,-0.093068237,3202.382,3806.557,0.0000
137,ei_only_ablation,5,-0.093068237,3717.531,4321.706,0.0000
137,ei_only_ablation,6,-0.093068237,4440.459,5044.634,0.0000
137,ei_only_ablation,7,-0.093068237,5090.364,5694.539,0.0000
137,ei_only_ablation,8,-0.093068237,5597.119,6201.294,0.0000
137,ei_only_ablation,9,-0.093068237,6243.930,6848.105,0.0020
137,ei_only_ablation,10,-0.093068237,6243.930,7636.488,0.0039
137,ei_only_ablation,11,-0.093068237,6243.930,8248.363,0.0163
137,ei_only_ablation,12,-0.093068237,6821.942,8826.374,0.0244
137,ei_only_ablation,13,-0.093068237,7403.040,9407.472,0.0318
137,ei_only_ablation,14,-0.093068237,8740.339,10744.771,0.0391
137,ei_only_ablation,15,-0.093068237,9325.298,11329.730,0.0462
137,ei_only_ablation,16,-0.093068237,9826.283,11830.716,0.0580
137,ei_only_ablation,17,-0.093068237,10582.251,12586.683,0.0676
137,ei_only_ablation,18,-0.093068237,11122.014,13126.447,0.0765
137,ei_only_ablation,19,-0.093068237,11878.874,13883.306,0.0873
137,ei_only_ablation,20,-0.093068237,12576.546,14580.978,0.0973
137,ei_only_ablation,21,-0.093068237,13077.148,15081.580,0.1082
137,ei_only_ablation,22,-0.093068237,13836.443,15840.875,0.1160
137,ei_only_ablation,23,-0.093068237,14596.099,16600.531,0.1242
137,ei_only_ablation,24,-0.093068237,15131.152,17135.584,0.1314
139,vanilla_bo_penalty,1,,517.683,517.683,0.0000
139,vanilla_bo_penalty,2,,1854.982,1854.982,0.0000
139,vanilla_bo_penalty,3,,2394.746,2394.746,0.0000
139,vanilla_bo_penalty,4,,3066.775,3066.775,0.0000
139,vanilla_bo_penalty,5,,3822.413,3822.413,0.0000
139,vanilla_bo_penalty,6,,4579.273,4579.273,0.0000
139,vanilla_bo_penalty,7,-0.093068237,4579.273,5187.074,0.0000
139,vanilla_bo_penalty,8,-0.093068237,5161.236,5769.037,0.0000
139,vanilla_bo_penalty,9,-0.093068237,5161.236,6373.212,0.0088
139,vanilla_bo_penalty,10,-0.093068237,5161.236,6985.087,0.0166
139,vanilla_bo_penalty,11,-0.093068237,5863.396,7687.246,0.0272
139,vanilla_bo_penalty,12,-0.093068237,5863.396,8475.876,0.0343
139,vanilla_bo_penalty,13,-0.093068237,5863.396,9258.912,0.0420
139,vanilla_bo_penalty,14,-0.093068237,6370.151,9765.667,0.0482
139,vanilla_bo_penalty,15,-0.093068237,6949.848,10345.364,0.0560
139,vanilla_bo_penalty,16,-0.093068237,7647.520,11043.036,0.0623
139,vanilla_bo_penalty,17,-0.093068237,8985.662,12381.178,0.0685
139,vanilla_bo_penalty,18,-0.093068237,10330.857,13726.373,0.0752
139,vanilla_bo_penalty,19,-0.093068237,11090.152,14485.668,0.0824
139,vanilla_bo_penalty,20,-0.093068237,11090.152,15274.051,0.0920
139,vanilla_bo_penalty,21,-0.093068237,11591.137,15775.036,0.0987
139,vanilla_bo_penalty,22,-0.093068237,12241.042,16424.941,0.1080
139,vanilla_bo_penalty,23,-0.093068237,12887.853,17071.752,0.1153
139,vanilla_bo_penalty,24,-0.093068237,13647.509,17831.408,0.1249
139,flowguard_calibrated,1,,517.683,517.683,0.0000
139,flowguard_calibrated,2,,1854.982,1854.982,0.0000
139,flowguard_calibrated,3,,2394.746,2394.746,0.0000
139,flowguard_calibrated,4,,3066.775,3066.775,0.0000
139,flowguard_calibrated,5,,3822.413,3822.413,0.0000
139,flowguard_calibrated,6,,4579.273,4579.273,0.0000
139,flowguard_calibrated,7,-0.093068237,4579.273,5187.074,0.0000
139,flowguard_calibrated,8,-0.093068237,5161.236,5769.037,0.0000
139,flowguard_calibrated,9,-0.093068237,5808.047,6415.848,0.0600
139,flowguard_calibrated,10,-0.093068237,5808.047,7204.231,0.1197
139,flowguard_calibrated,11,-0.093068237,6510.207,7906.390,0.1924
139,flowguard_calibrated,12,-0.093068237,6510.207,8510.565,0.2672
139,flowguard_calibrated,13,-0.093068237,7091.305,9091.663,0.4758
139,flowguard_calibrated,14,-0.093068237,8429.446,10429.804,0.6781
139,flowguard_calibrated,15,-0.093068237,9014.405,11014.763,0.8798
139,flowguard_calibrated,16,-0.093068237,9592.417,11592.775,1.0816
139,flowguard_calibrated,17,-0.093068237,9592.417,12204.650,1.2866
139,flowguard_calibrated,18,-0.093068237,10937.612,13549.845,1.4929
139,flowguard_calibrated,19,-0.093068237,11697.268,14309.501,1.6982
139,flowguard_calibrated,20,-0.093068237,12204.023,14816.256,1.9089
139,flowguard_calibrated,21,-0.093068237,12704.625,15316.858,2.1390
139,flowguard_calibrated,22,-0.093068237,13460.593,16072.826,2.3487
139,flowguard_calibrated,23,-0.093068237,13961.578,16573.811,2.5613
139,flowguard_calibrated,24,-0.093068237,14720.873,17333.106,2.7690
139,ei_only_ablation,1,,517.683,517.683,0.0000
139,ei_only_ablation,2,,1854.982,1854.982,0.0000
139,ei_only_ablation,3,,2394.746,2394.746,0.0000
139,ei_only_ablation,4,,3066.775,3066.775,0.0000
139,ei_only_ablation,5,,3822.413,3822.413,0.0000
139,ei_only_ablation,6,,4579.273,4579.273,0.0000
139,ei_only_ablation,7,-0.093068237,4579.273,5187.074,0.0000
139,ei_only_ablation,8,-0.093068237,5161.236,5769.037,0.0000
139,ei_only_ablation,9,-0.093068237,5808.047,6415.848,0.0020
139,ei_only_ablation,10,-0.093068237,5808.047,7204.231,0.0049
139,ei_only_ablation,11,-0.093068237,5808.047,7808.406,0.0165
139,ei_only_ablation,12,-0.093068237,7146.189,9146.547,0.0264
139,ei_only_ablation,13,-0.093068237,7727.287,9727.645,0.0335
139,ei_only_ablation,14,-0.093068237,8312.246,10312.604,0.0433
139,ei_only_ablation,15,-0.093068237,9657.441,11657.799,0.0505
139,ei_only_ablation,16,-0.093068237,10235.453,12235.811,0.0602
139,ei_only_ablation,17,-0.093068237,10991.420,12991.779,0.0672
139,ei_only_ablation,18,-0.093068237,11492.406,13492.764,0.0764
139,ei_only_ablation,19,-0.093068237,12251.701,14252.059,0.0846
139,ei_only_ablation,20,-0.093068237,12752.303,14752.661,0.0937
139,ei_only_ablation,21,-0.093068237,13449.975,15450.333,0.1011
139,ei_only_ablation,22,-0.093068237,14099.880,16100.238,0.1111
139,ei_only_ablation,23,-0.093068237,14606.635,16606.993,0.1183
139,ei_only_ablation,24,-0.093068237,15366.291,17366.649,0.1286
149,vanilla_bo_penalty,1,,722.928,722.928,0.0000
149,vanilla_bo_penalty,2,,1241.973,1241.973,0.0000
149,vanilla_bo_penalty,3,-0.093068237,1241.973,1849.774,0.0000
149,vanilla_bo_penalty,4,-0.093068237,1826.932,2434.733,0.0000
149,vanilla_bo_penalty,5,-0.093068237,2476.837,3084.637,0.0000
149,vanilla_bo_penalty,6,-0.093068237,3057.934,3665.735,0.0000
149,vanilla_bo_penalty,7,-0.093068237,3558.536,4166.337,0.0000
149,vanilla_bo_penalty,8,-0.093068237,4315.396,4923.197,0.0000
149,vanilla_bo_penalty,9,-0.093068237,4315.396,5527.372,0.0062
149,vanilla_bo_penalty,10,-0.093068237,4962.207,6174.183,0.0182
149,vanilla_bo_penalty,11,-0.093068237,4962.207,6786.057,0.0255
149,vanilla_bo_penalty,12,-0.093068237,6307.403,8131.253,0.0337
149,vanilla_bo_penalty,13,-0.093068237,7645.544,9469.395,0.0400
149,vanilla_bo_penalty,14,-0.093068237,8160.693,9984.543,0.0488
149,vanilla_bo_penalty,15,-0.093068237,8160.693,10773.173,0.0561
149,vanilla_bo_penalty,16,-0.093068237,8160.693,11556.210,0.0658
149,vanilla_bo_penalty,17,-0.093068237,8160.693,12344.592,0.0730
149,vanilla_bo_penalty,18,-0.093068237,8791.798,12975.698,0.0826
149,vanilla_bo_penalty,19,-0.093068237,9551.454,13735.353,0.0898
149,vanilla_bo_penalty,20,-0.093068237,10084.103,14268.002,0.0990
149,vanilla_bo_penalty,21,-0.093068237,10781.776,14965.675,0.1062
149,vanilla_bo_penalty,22,-0.093068237,11537.743,15721.642,0.1155
149,vanilla_bo_penalty,23,-0.093068237,12038.728,16222.628,0.1231
149,vanilla_bo_penalty,24,-0.093068237,12740.888,16924.787,0.1325
149,flowguard_calibrated,1,,722.928,722.928,0.0000
149,flowguard_calibrated,2,,1241.973,1241.973,0.0000
149,flowguard_calibrated,3,-0.093068237,1241.973,1849.774,0.0000
149,flowguard_calibrated,4,-0.093068237,1826.932,2434.733,0.0000
149,flowguard_calibrated,5,-0.093068237,2476.837,3084.637,0.0000
149,flowguard_calibrated,6,-0.093068237,3057.934,3665.735,0.0000
149,flowguard_calibrated,7,-0.093068237,3558.536,4166.337,0.0000
149,flowguard_calibrated,8,-0.093068237,4315.396,4923.197,0.0000
149,flowguard_calibrated,9,-0.093068237,4962.207,5570.008,0.0607
149,flowguard_calibrated,10,-0.093068237,4962.207,6358.390,0.1215
149,flowguard_calibrated,11,-0.093068237,5664.367,7060.550,0.1907
149,flowguard_calibrated,12,-0.093068237,6246.330,7642.513,0.2682
149,flowguard_calibrated,13,-0.093068237,6246.330,8246.688,0.3990
149,flowguard_calibrated,14,-0.093068237,7583.629,9583.988,0.6104
149,flowguard_calibrated,15,-0.093068237,8161.641,10161.999,0.8174
149,flowguard_calibrated,16,-0.093068237,9499.783,11500.141,1.0421
149,flowguard_calibrated,17,-0.093068237,10844.978,12845.336,1.2983
149,flowguard_calibrated,18,-0.093068237,10844.978,13457.211,1.5029
149,flowguard_calibrated,19,-0.093068237,11345.964,13958.197,1.7211
149,flowguard_calibrated,20,-0.093068237,12105.258,14717.491,1.9284
149,flowguard_calibrated,21,-0.093068237,12612.014,15224.247,2.1520
149,flowguard_calibrated,22,-0.093068237,13367.981,15980.214,2.3644
149,flowguard_calibrated,23,-0.093068237,14127.637,16739.870,2.5947
149,flowguard_calibrated,24,-0.093068237,14883.275,17495.509,2.8329
149,ei_only_ablation,1,,722.928,722.928,0.0000
149,ei_only_ablation,2,,1241.973,1241.973,0.0000
149,ei_only_ablation,3,-0.093068237,1241.973,1849.774,0.0000
149,ei_only_ablation,4,-0.093068237,1826.932,2434.733,0.0000
149,ei_only_ablation,5,-0.093068237,2476.837,3084.637,0.0000
149,ei_only_ablation,6,-0.093068237,3057.934,3665.735,0.0000
149,ei_only_ablation,7,-0.093068237,3558.536,4166.337,0.0000
149,ei_only_ablation,8,-0.093068237,4315.396,4923.197,0.0000
149,ei_only_ablation,9,-0.093068237,4962.207,5570.008,0.0020
149,ei_only_ablation,10,-0.093068237,4962.207,6358.390,0.0038
149,ei_only_ablation,11,-0.093068237,4962.207,6962.565,0.0204
149,ei_only_ablation,12,-0.093068237,6299.507,8299.865,0.0307
149,ei_only_ablation,13,-0.093068237,7637.648,9638.007,0.0398
149,ei_only_ablation,14,-0.093068237,8982.844,10983.202,0.0483
149,ei_only_ablation,15,-0.093068237,9560.855,11561.214,0.0589
149,ei_only_ablation,16,-0.093068237,10316.823,12317.181,0.0677
149,ei_only_ablation,17,-0.093068237,10817.808,12818.167,0.0805
149,ei_only_ablation,18,-0.093068237,11357.572,13357.930,0.0916
149,ei_only_ablation,19,-0.093068237,12116.867,14117.225,0.0998
149,ei_only_ablation,20,-0.093068237,12814.539,14814.897,0.1113
149,ei_only_ablation,21,-0.093068237,13321.294,15321.652,0.1463
149,ei_only_ablation,22,-0.093068237,14080.950,16081.308,0.1538
149,ei_only_ablation,23,-0.093068237,14596.099,16596.457,0.1629
149,ei_only_ablation,24,-0.093068237,14596.099,17208.332,0.1700
